<?xml version="1.0" encoding="utf-8"?>
<ArrayOfStudent xmlns:xsi="http://www.w3.org/2001/XMLSchema-instance" xmlns:xsd="http://www.w3.org/2001/XMLSchema">
  <Student>
    <Fees>
      <Fee>
        <FeeID>7</FeeID>
        <Name>Textbook rental</Name>
        <AmountAssessed>24.71</AmountAssessed>
        <AmountPaid>24.71</AmountPaid>
        <Rank>58</Rank>
        <DueDate>2013-11-02T00:00:00-07:00</DueDate>
      </Fee>
      <Fee>
        <FeeID>8</FeeID>
        <Name>Media rental</Name>
        <AmountAssessed>75.66</AmountAssessed>
        <AmountPaid>0</AmountPaid>
        <Rank>62</Rank>
        <DueDate>2014-05-27T00:00:00-07:00</DueDate>
      </Fee>
      <Fee>
        <FeeID>9</FeeID>
        <Name>Art</Name>
        <AmountAssessed>9.08</AmountAssessed>
        <AmountPaid>9.08</AmountPaid>
        <Rank>57</Rank>
        <DueDate>2014-01-23T00:00:00-08:00</DueDate>
      </Fee>
      <Fee>
        <FeeID>10</FeeID>
        <Name>Registration</Name>
        <AmountAssessed>43.92</AmountAssessed>
        <AmountPaid>32.91</AmountPaid>
        <Rank>60</Rank>
        <DueDate>2014-06-19T00:00:00-07:00</DueDate>
      </Fee>
      <Fee>
        <FeeID>11</FeeID>
        <Name>Damage deposit</Name>
        <AmountAssessed>62.03</AmountAssessed>
        <AmountPaid>0</AmountPaid>
        <Rank>61</Rank>
        <DueDate>2014-03-05T00:00:00-08:00</DueDate>
      </Fee>
      <Fee>
        <FeeID>12</FeeID>
        <Name>Activity</Name>
        <AmountAssessed>33.3</AmountAssessed>
        <AmountPaid>33.3</AmountPaid>
        <Rank>59</Rank>
        <DueDate>2014-01-11T00:00:00-08:00</DueDate>
      </Fee>
    </Fees>
    <StudentID>2</StudentID>
    <FirstName>Sofia</FirstName>
    <LastName>Boeke</LastName>
    <Grade>6</Grade>
  </Student>
  <Student>
    <Fees>
      <Fee>
        <FeeID>13</FeeID>
        <Name>Lock</Name>
        <AmountAssessed>41.36</AmountAssessed>
        <AmountPaid>0</AmountPaid>
        <Rank>25</Rank>
        <DueDate>2014-05-06T00:00:00-07:00</DueDate>
      </Fee>
      <Fee>
        <FeeID>14</FeeID>
        <Name>Athletic</Name>
        <AmountAssessed>39.56</AmountAssessed>
        <AmountPaid>0</AmountPaid>
        <Rank>24</Rank>
        <DueDate>2014-06-19T00:00:00-07:00</DueDate>
      </Fee>
      <Fee>
        <FeeID>15</FeeID>
        <Name>Media rental</Name>
        <AmountAssessed>90.52</AmountAssessed>
        <AmountPaid>0</AmountPaid>
        <Rank>27</Rank>
        <DueDate>2014-01-28T00:00:00-08:00</DueDate>
      </Fee>
      <Fee>
        <FeeID>16</FeeID>
        <Name>Textbook rental</Name>
        <AmountAssessed>78.68</AmountAssessed>
        <AmountPaid>0</AmountPaid>
        <Rank>26</Rank>
        <DueDate>2014-07-19T00:00:00-07:00</DueDate>
      </Fee>
      <Fee>
        <FeeID>17</FeeID>
        <Name>Activity</Name>
        <AmountAssessed>34.37</AmountAssessed>
        <AmountPaid>0</AmountPaid>
        <Rank>23</Rank>
        <DueDate>2014-07-23T00:00:00-07:00</DueDate>
      </Fee>
      <Fee>
        <FeeID>18</FeeID>
        <Name>Equipment rental</Name>
        <AmountAssessed>3.09</AmountAssessed>
        <AmountPaid>0</AmountPaid>
        <Rank>22</Rank>
        <DueDate>2014-08-29T00:00:00-07:00</DueDate>
      </Fee>
    </Fees>
    <StudentID>3</StudentID>
    <FirstName>Allan</FirstName>
    <LastName>Pascoe</LastName>
    <Grade>1</Grade>
  </Student>
  <Student>
    <Fees>
      <Fee>
        <FeeID>36</FeeID>
        <Name>Art</Name>
        <AmountAssessed>45.31</AmountAssessed>
        <AmountPaid>0</AmountPaid>
        <Rank>1</Rank>
        <DueDate>2013-11-30T00:00:00-08:00</DueDate>
      </Fee>
      <Fee>
        <FeeID>37</FeeID>
        <Name>Textbook rental</Name>
        <AmountAssessed>75.65</AmountAssessed>
        <AmountPaid>0</AmountPaid>
        <Rank>3</Rank>
        <DueDate>2013-11-14T00:00:00-08:00</DueDate>
      </Fee>
      <Fee>
        <FeeID>38</FeeID>
        <Name>Equipment rental</Name>
        <AmountAssessed>89.96</AmountAssessed>
        <AmountPaid>0</AmountPaid>
        <Rank>5</Rank>
        <DueDate>2013-10-18T00:00:00-07:00</DueDate>
      </Fee>
      <Fee>
        <FeeID>39</FeeID>
        <Name>Yearbook</Name>
        <AmountAssessed>87.27</AmountAssessed>
        <AmountPaid>0</AmountPaid>
        <Rank>4</Rank>
        <DueDate>2014-09-26T00:00:00-07:00</DueDate>
      </Fee>
      <Fee>
        <FeeID>40</FeeID>
        <Name>Activity</Name>
        <AmountAssessed>51.89</AmountAssessed>
        <AmountPaid>0</AmountPaid>
        <Rank>2</Rank>
        <DueDate>2014-07-06T00:00:00-07:00</DueDate>
      </Fee>
    </Fees>
    <StudentID>6</StudentID>
    <FirstName>Louisa</FirstName>
    <LastName>Dollard</LastName>
    <Grade>K</Grade>
  </Student>
  <Student>
    <Fees>
      <Fee>
        <FeeID>41</FeeID>
        <Name>Basketball</Name>
        <AmountAssessed>54.84</AmountAssessed>
        <AmountPaid>0</AmountPaid>
        <Rank>51</Rank>
        <DueDate>2014-06-29T00:00:00-07:00</DueDate>
      </Fee>
      <Fee>
        <FeeID>42</FeeID>
        <Name>Field trip</Name>
        <AmountAssessed>19.44</AmountAssessed>
        <AmountPaid>0</AmountPaid>
        <Rank>50</Rank>
        <DueDate>2014-03-17T00:00:00-07:00</DueDate>
      </Fee>
      <Fee>
        <FeeID>43</FeeID>
        <Name>Equipment rental</Name>
        <AmountAssessed>61.41</AmountAssessed>
        <AmountPaid>0</AmountPaid>
        <Rank>52</Rank>
        <DueDate>2014-01-27T00:00:00-08:00</DueDate>
      </Fee>
      <Fee>
        <FeeID>44</FeeID>
        <Name>Art</Name>
        <AmountAssessed>72.27</AmountAssessed>
        <AmountPaid>0</AmountPaid>
        <Rank>54</Rank>
        <DueDate>2014-03-01T00:00:00-08:00</DueDate>
      </Fee>
      <Fee>
        <FeeID>45</FeeID>
        <Name>Media rental</Name>
        <AmountAssessed>92.82</AmountAssessed>
        <AmountPaid>0</AmountPaid>
        <Rank>55</Rank>
        <DueDate>2014-06-27T00:00:00-07:00</DueDate>
      </Fee>
      <Fee>
        <FeeID>46</FeeID>
        <Name>Activity</Name>
        <AmountAssessed>65.16</AmountAssessed>
        <AmountPaid>0</AmountPaid>
        <Rank>53</Rank>
        <DueDate>2013-12-03T00:00:00-08:00</DueDate>
      </Fee>
      <Fee>
        <FeeID>47</FeeID>
        <Name>Music</Name>
        <AmountAssessed>94.84</AmountAssessed>
        <AmountPaid>0</AmountPaid>
        <Rank>56</Rank>
        <DueDate>2014-03-21T00:00:00-07:00</DueDate>
      </Fee>
      <Fee>
        <FeeID>48</FeeID>
        <Name>Registration</Name>
        <AmountAssessed>18.53</AmountAssessed>
        <AmountPaid>0</AmountPaid>
        <Rank>49</Rank>
        <DueDate>2014-06-12T00:00:00-07:00</DueDate>
      </Fee>
    </Fees>
    <StudentID>7</StudentID>
    <FirstName>Kurt</FirstName>
    <LastName>Rhoda</LastName>
    <Grade>6</Grade>
  </Student>
  <Student>
    <Fees>
      <Fee>
        <FeeID>49</FeeID>
        <Name>Basketball</Name>
        <AmountAssessed>81.02</AmountAssessed>
        <AmountPaid>0</AmountPaid>
        <Rank>47</Rank>
        <DueDate>2014-02-06T00:00:00-08:00</DueDate>
      </Fee>
      <Fee>
        <FeeID>50</FeeID>
        <Name>Textbook rental</Name>
        <AmountAssessed>81.09</AmountAssessed>
        <AmountPaid>0</AmountPaid>
        <Rank>48</Rank>
        <DueDate>2014-06-26T00:00:00-07:00</DueDate>
      </Fee>
      <Fee>
        <FeeID>51</FeeID>
        <Name>Music</Name>
        <AmountAssessed>47.84</AmountAssessed>
        <AmountPaid>0</AmountPaid>
        <Rank>43</Rank>
        <DueDate>2014-05-02T00:00:00-07:00</DueDate>
      </Fee>
      <Fee>
        <FeeID>52</FeeID>
        <Name>Yearbook</Name>
        <AmountAssessed>67.52</AmountAssessed>
        <AmountPaid>0</AmountPaid>
        <Rank>44</Rank>
        <DueDate>2014-07-26T00:00:00-07:00</DueDate>
      </Fee>
      <Fee>
        <FeeID>53</FeeID>
        <Name>Agenda</Name>
        <AmountAssessed>70.54</AmountAssessed>
        <AmountPaid>0</AmountPaid>
        <Rank>46</Rank>
        <DueDate>2014-07-19T00:00:00-07:00</DueDate>
      </Fee>
      <Fee>
        <FeeID>54</FeeID>
        <Name>Hot lunch</Name>
        <AmountAssessed>68.3</AmountAssessed>
        <AmountPaid>0</AmountPaid>
        <Rank>45</Rank>
        <DueDate>2014-06-01T00:00:00-07:00</DueDate>
      </Fee>
    </Fees>
    <StudentID>8</StudentID>
    <FirstName>Harriett</FirstName>
    <LastName>Cearley</LastName>
    <Grade>2</Grade>
  </Student>
  <Student>
    <Fees>
      <Fee>
        <FeeID>4</FeeID>
        <Name>Hot lunch</Name>
        <AmountAssessed>12.88</AmountAssessed>
        <AmountPaid>1</AmountPaid>
        <Rank>28</Rank>
        <DueDate>2014-08-29T00:00:00-07:00</DueDate>
      </Fee>
      <Fee>
        <FeeID>2</FeeID>
        <Name>Activity</Name>
        <AmountAssessed>20.46</AmountAssessed>
        <AmountPaid>0</AmountPaid>
        <Rank>29</Rank>
        <DueDate>2013-11-02T00:00:00-07:00</DueDate>
      </Fee>
      <Fee>
        <FeeID>3</FeeID>
        <Name>Athletic</Name>
        <AmountAssessed>26.23</AmountAssessed>
        <AmountPaid>0</AmountPaid>
        <Rank>30</Rank>
      </Fee>
      <Fee>
        <FeeID>5</FeeID>
        <Name>Basketball</Name>
        <AmountAssessed>46.06</AmountAssessed>
        <AmountPaid>0</AmountPaid>
        <Rank>31</Rank>
        <DueDate>2013-10-14T00:00:00-07:00</DueDate>
      </Fee>
      <Fee>
        <FeeID>6</FeeID>
        <Name>Agenda</Name>
        <AmountAssessed>59.58</AmountAssessed>
        <AmountPaid>0</AmountPaid>
        <Rank>32</Rank>
        <DueDate>2014-02-08T00:00:00-08:00</DueDate>
      </Fee>
      <Fee>
        <FeeID>1</FeeID>
        <Name>Art</Name>
        <AmountAssessed>81.14</AmountAssessed>
        <AmountPaid>0</AmountPaid>
        <Rank>33</Rank>
        <DueDate>2014-02-10T00:00:00-08:00</DueDate>
      </Fee>
    </Fees>
    <StudentID>1</StudentID>
    <FirstName>Fernando</FirstName>
    <LastName>Gadd</LastName>
    <Grade>4</Grade>
  </Student>
  <Student>
    <Fees>
      <Fee>
        <FeeID>67</FeeID>
        <Name>Athletic</Name>
        <AmountAssessed>65.14</AmountAssessed>
        <AmountPaid>65.14</AmountPaid>
        <Rank>12</Rank>
        <DueDate>2013-12-02T00:00:00-08:00</DueDate>
      </Fee>
      <Fee>
        <FeeID>62</FeeID>
        <Name>Textbook rental</Name>
        <AmountAssessed>32.78</AmountAssessed>
        <AmountPaid>32.78</AmountPaid>
        <Rank>8</Rank>
        <DueDate>2014-01-17T00:00:00-08:00</DueDate>
      </Fee>
      <Fee>
        <FeeID>64</FeeID>
        <Name>Media rental</Name>
        <AmountAssessed>83.3</AmountAssessed>
        <AmountPaid>2.080002</AmountPaid>
        <Rank>13</Rank>
        <DueDate>2014-02-28T00:00:00-08:00</DueDate>
      </Fee>
      <Fee>
        <FeeID>68</FeeID>
        <Name>Lock</Name>
        <AmountAssessed>53.72</AmountAssessed>
        <AmountPaid>0</AmountPaid>
        <Rank>9</Rank>
        <DueDate>2014-03-16T00:00:00-07:00</DueDate>
      </Fee>
      <Fee>
        <FeeID>63</FeeID>
        <Name>Basketball</Name>
        <AmountAssessed>20.89</AmountAssessed>
        <AmountPaid>0</AmountPaid>
        <Rank>7</Rank>
        <DueDate>2014-03-28T00:00:00-07:00</DueDate>
      </Fee>
      <Fee>
        <FeeID>65</FeeID>
        <Name>Damage deposit</Name>
        <AmountAssessed>64.13</AmountAssessed>
        <AmountPaid>64.13</AmountPaid>
        <Rank>10</Rank>
        <DueDate>2014-04-25T00:00:00-07:00</DueDate>
      </Fee>
      <Fee>
        <FeeID>66</FeeID>
        <Name>Activity</Name>
        <AmountAssessed>64.52</AmountAssessed>
        <AmountPaid>35.87</AmountPaid>
        <Rank>11</Rank>
        <DueDate>2014-06-02T00:00:00-07:00</DueDate>
      </Fee>
      <Fee>
        <FeeID>69</FeeID>
        <Name>Field trip</Name>
        <AmountAssessed>12.25</AmountAssessed>
        <AmountPaid>0</AmountPaid>
        <Rank>6</Rank>
        <DueDate>2014-09-11T00:00:00-07:00</DueDate>
      </Fee>
    </Fees>
    <StudentID>10</StudentID>
    <FirstName>Laura</FirstName>
    <LastName>Thompson</LastName>
    <Grade>4</Grade>
  </Student>
  <Student>
    <Fees>
      <Fee>
        <FeeID>61</FeeID>
        <Name>Field trip</Name>
        <AmountAssessed>91.43</AmountAssessed>
        <AmountPaid>91.43</AmountPaid>
        <Rank>68</Rank>
        <DueDate>2013-11-24T00:00:00-08:00</DueDate>
      </Fee>
      <Fee>
        <FeeID>56</FeeID>
        <Name>Yearbook</Name>
        <AmountAssessed>94.06</AmountAssessed>
        <AmountPaid>8.57</AmountPaid>
        <Rank>69</Rank>
        <DueDate>2013-12-23T00:00:00-08:00</DueDate>
      </Fee>
      <Fee>
        <FeeID>60</FeeID>
        <Name>Agenda</Name>
        <AmountAssessed>10.97</AmountAssessed>
        <AmountPaid>0</AmountPaid>
        <Rank>64</Rank>
        <DueDate>2014-01-03T00:00:00-08:00</DueDate>
      </Fee>
      <Fee>
        <FeeID>57</FeeID>
        <Name>Registration</Name>
        <AmountAssessed>82.23</AmountAssessed>
        <AmountPaid>0</AmountPaid>
        <Rank>67</Rank>
        <DueDate>2014-01-09T00:00:00-08:00</DueDate>
      </Fee>
      <Fee>
        <FeeID>58</FeeID>
        <Name>Music</Name>
        <AmountAssessed>80.79</AmountAssessed>
        <AmountPaid>0</AmountPaid>
        <Rank>66</Rank>
        <DueDate>2014-03-22T00:00:00-07:00</DueDate>
      </Fee>
      <Fee>
        <FeeID>55</FeeID>
        <Name>Lock</Name>
        <AmountAssessed>10.23</AmountAssessed>
        <AmountPaid>0</AmountPaid>
        <Rank>63</Rank>
        <DueDate>2014-04-12T00:00:00-07:00</DueDate>
      </Fee>
      <Fee>
        <FeeID>59</FeeID>
        <Name>Hot lunch</Name>
        <AmountAssessed>28.63</AmountAssessed>
        <AmountPaid>0</AmountPaid>
        <Rank>65</Rank>
        <DueDate>2014-05-01T00:00:00-07:00</DueDate>
      </Fee>
    </Fees>
    <StudentID>9</StudentID>
    <FirstName>Noemi</FirstName>
    <LastName>Kirst</LastName>
    <Grade>7</Grade>
  </Student>
  <Student>
    <Fees>
      <Fee>
        <FeeID>20</FeeID>
        <Name>Registration</Name>
        <AmountAssessed>30.5</AmountAssessed>
        <AmountPaid>30.5</AmountPaid>
        <Rank>34</Rank>
        <DueDate>2014-05-10T00:00:00-07:00</DueDate>
      </Fee>
      <Fee>
        <FeeID>23</FeeID>
        <Name>Hot lunch</Name>
        <AmountAssessed>32.11</AmountAssessed>
        <AmountPaid>32.11</AmountPaid>
        <Rank>35</Rank>
        <DueDate>2014-03-30T00:00:00-07:00</DueDate>
      </Fee>
      <Fee>
        <FeeID>26</FeeID>
        <Name>Athletic</Name>
        <AmountAssessed>76.89</AmountAssessed>
        <AmountPaid>76.89</AmountPaid>
        <Rank>36</Rank>
        <DueDate>2014-08-21T00:00:00-07:00</DueDate>
      </Fee>
      <Fee>
        <FeeID>25</FeeID>
        <Name>Equipment rental</Name>
        <AmountAssessed>90.38</AmountAssessed>
        <AmountPaid>90.38</AmountPaid>
        <Rank>37</Rank>
        <DueDate>2014-04-29T00:00:00-07:00</DueDate>
      </Fee>
      <Fee>
        <FeeID>19</FeeID>
        <Name>Media rental</Name>
        <AmountAssessed>91.18</AmountAssessed>
        <AmountPaid>91.18</AmountPaid>
        <Rank>38</Rank>
        <DueDate>2013-12-07T00:00:00-08:00</DueDate>
      </Fee>
      <Fee>
        <FeeID>27</FeeID>
        <Name>Damage deposit</Name>
        <AmountAssessed>91.97</AmountAssessed>
        <AmountPaid>91.97</AmountPaid>
        <Rank>39</Rank>
        <DueDate>2013-12-08T00:00:00-08:00</DueDate>
      </Fee>
      <Fee>
        <FeeID>21</FeeID>
        <Name>Lock</Name>
        <AmountAssessed>97.66</AmountAssessed>
        <AmountPaid>97.66</AmountPaid>
        <Rank>40</Rank>
        <DueDate>2014-02-10T00:00:00-08:00</DueDate>
      </Fee>
      <Fee>
        <FeeID>24</FeeID>
        <Name>Music</Name>
        <AmountAssessed>98.09</AmountAssessed>
        <AmountPaid>98.09</AmountPaid>
        <Rank>41</Rank>
        <DueDate>2014-06-06T00:00:00-07:00</DueDate>
      </Fee>
      <Fee>
        <FeeID>22</FeeID>
        <Name>Field trip</Name>
        <AmountAssessed>99.87</AmountAssessed>
        <AmountPaid>99.87</AmountPaid>
        <Rank>42</Rank>
        <DueDate>2013-10-31T00:00:00-07:00</DueDate>
      </Fee>
    </Fees>
    <StudentID>4</StudentID>
    <FirstName>Althea</FirstName>
    <LastName>Hartigan</LastName>
    <Grade>5</Grade>
  </Student>
  <Student>
    <Fees>
      <Fee>
        <FeeID>34</FeeID>
        <Name>Damage deposit</Name>
        <AmountAssessed>8.65</AmountAssessed>
        <AmountPaid>8.65</AmountPaid>
        <Rank>14</Rank>
        <DueDate>2013-10-13T00:00:00-07:00</DueDate>
      </Fee>
      <Fee>
        <FeeID>32</FeeID>
        <Name>Athletic</Name>
        <AmountAssessed>25.94</AmountAssessed>
        <AmountPaid>25.94</AmountPaid>
        <Rank>15</Rank>
        <DueDate>2013-11-03T00:00:00-07:00</DueDate>
      </Fee>
      <Fee>
        <FeeID>31</FeeID>
        <Name>Media rental</Name>
        <AmountAssessed>59.58</AmountAssessed>
        <AmountPaid>59.58</AmountPaid>
        <Rank>16</Rank>
        <DueDate>2014-04-12T00:00:00-07:00</DueDate>
      </Fee>
      <Fee>
        <FeeID>28</FeeID>
        <Name>Lock</Name>
        <AmountAssessed>76.99</AmountAssessed>
        <AmountPaid>76.99</AmountPaid>
        <Rank>17</Rank>
        <DueDate>2014-07-27T00:00:00-07:00</DueDate>
      </Fee>
      <Fee>
        <FeeID>29</FeeID>
        <Name>Art</Name>
        <AmountAssessed>80.8</AmountAssessed>
        <AmountPaid>80.8</AmountPaid>
        <Rank>18</Rank>
        <DueDate>2014-05-20T00:00:00-07:00</DueDate>
      </Fee>
      <Fee>
        <FeeID>33</FeeID>
        <Name>Music</Name>
        <AmountAssessed>81.61</AmountAssessed>
        <AmountPaid>81.61</AmountPaid>
        <Rank>19</Rank>
        <DueDate>2014-08-29T00:00:00-07:00</DueDate>
      </Fee>
      <Fee>
        <FeeID>30</FeeID>
        <Name>Yearbook</Name>
        <AmountAssessed>83.29</AmountAssessed>
        <AmountPaid>83.29</AmountPaid>
        <Rank>20</Rank>
        <DueDate>2014-05-15T00:00:00-07:00</DueDate>
      </Fee>
      <Fee>
        <FeeID>35</FeeID>
        <Name>Agenda</Name>
        <AmountAssessed>97.51</AmountAssessed>
        <AmountPaid>97.51</AmountPaid>
        <Rank>21</Rank>
        <DueDate>2014-03-02T00:00:00-08:00</DueDate>
      </Fee>
    </Fees>
    <StudentID>5</StudentID>
    <FirstName>Chandra</FirstName>
    <LastName>Kirst</LastName>
    <Grade>3</Grade>
  </Student>
</ArrayOfStudent>